Reg_No,Name,Dept,CGPA,Attendance,Backlogs,Subject1,Subject2,Subject3,Subject4,Subject5
1001,Arun Kumar,CSE,8.5,92,0,85,78,88,90,82
1002,Priya Sharma,ECE,6.2,68,3,55,62,58,60,59
1003,Rahul Raj,IT,7.8,88,1,75,80,77,82,79
1004,Divya Devi,MECH,9.1,95,0,92,89,94,90,91
1005,Karthik Reddy,CIVIL,5.8,72,4,50,55,48,60,52
1006,Ananya Iyer,CSE,8.9,94,0,88,91,85,93,90
1007,Vijay Das,ECE,6.7,76,2,64,68,61,70,65
1008,Sneha Singh,IT,7.4,84,1,72,75,69,78,73
1009,Sanjay Nair,MECH,8.2,90,0,80,84,79,86,82
1010,Keerthi Menon,CIVIL,6.0,65,3,52,58,55,62,50
1011,Aditya Kumar,CSE,8.7,96,0,90,86,92,88,91
1012,Harini Sharma,ECE,7.1,81,1,68,72,75,70,66
1013,Rohit Raj,IT,5.9,70,4,48,55,51,58,54
1014,Meena Devi,MECH,8.4,91,0,83,87,80,85,88
1015,Naveen Reddy,CIVIL,7.6,86,1,76,71,80,74,78
1016,Pooja Iyer,CSE,9.3,98,0,95,92,94,91,96
1017,Surya Das,ECE,6.4,73,3,58,63,60,55,62
1018,Swetha Singh,IT,8.0,89,0,78,82,80,84,79
1019,Ajay Nair,MECH,7.3,80,2,70,74,68,72,76
1020,Nithya Menon,CIVIL,6.1,69,4,51,57,54,61,53
1021,Arun Sharma,CSE,8.8,93,0,89,91,87,90,92
1022,Priya Raj,ECE,7.0,79,2,66,71,68,73,65
1023,Rahul Devi,IT,6.3,67,3,57,52,61,59,55
1024,Divya Reddy,MECH,8.6,92,0,86,84,89,91,87
1025,Karthik Iyer,CIVIL,7.7,85,1,74,79,76,81,73
1026,Ananya Das,CSE,9.0,97,0,91,94,89,93,95
1027,Vijay Singh,ECE,6.5,74,3,60,64,58,66,61
1028,Sneha Nair,IT,8.1,88,0,81,79,84,82,80
1029,Sanjay Menon,MECH,7.5,83,1,73,76,71,78,75
1030,Keerthi Kumar,CIVIL,5.7,63,5,47,53,50,56,49
1031,Aditya Sharma,CSE,8.3,90,0,84,80,86,88,82
1032,Harini Raj,ECE,7.2,82,1,69,74,72,70,77
1033,Rohit Devi,IT,6.6,77,2,63,68,65,70,60
1034,Meena Reddy,MECH,9.2,96,0,94,91,93,95,90
1035,Naveen Iyer,CIVIL,7.9,87,1,78,82,75,80,84
1036,Pooja Das,CSE,8.6,94,0,87,90,85,92,89
1037,Surya Singh,ECE,6.0,66,4,50,56,52,59,48
1038,Swetha Nair,IT,8.4,91,0,85,83,88,86,89
1039,Ajay Menon,MECH,7.0,78,2,65,70,67,72,61
1040,Nithya Kumar,CIVIL,6.2,71,3,54,60,57,63,55
1041,Arun Raj,CSE,9.1,97,0,93,90,95,92,94
1042,Priya Devi,ECE,7.8,86,1,77,81,75,79,82
1043,Rahul Reddy,IT,5.6,64,5,45,51,48,54,50
1044,Divya Iyer,MECH,8.9,93,0,91,87,90,94,88
1045,Karthik Das,CIVIL,7.3,84,1,70,76,73,78,71
1046,Ananya Singh,CSE,8.5,91,0,84,88,86,90,83
1047,Vijay Nair,ECE,6.8,75,2,62,67,64,71,66
1048,Sneha Menon,IT,8.2,89,0,80,85,82,78,84
1049,Sanjay Kumar,MECH,7.6,82,1,74,79,72,76,81
1050,Keerthi Sharma,CIVIL,5.9,68,4,49,55,52,58,51
1051,Aditya Raj,CSE,9.4,98,0,96,94,92,95,97
1052,Harini Devi,ECE,7.4,83,1,72,76,70,78,74
1053,Rohit Reddy,IT,6.1,70,3,53,59,55,61,50
1054,Meena Iyer,MECH,8.7,94,0,89,92,86,90,91
1055,Naveen Das,CIVIL,7.9,88,1,80,77,82,79,84
1056,Pooja Singh,CSE,8.8,95,0,90,88,93,91,89
1057,Surya Nair,ECE,6.3,72,3,56,61,58,64,52
1058,Swetha Menon,IT,8.0,87,0,79,82,77,85,81
1059,Ajay Kumar,MECH,7.2,81,2,68,73,70,75,65
1060,Nithya Sharma,CIVIL,5.5,62,5,44,50,47,55,49
1061,Arun Devi,CSE,8.9,93,0,91,87,94,90,92
1062,Priya Reddy,ECE,7.6,85,1,74,79,76,81,72
1063,Rahul Iyer,IT,6.4,69,3,58,54,62,60,57
1064,Divya Das,MECH,8.3,90,0,82,86,84,88,80
1065,Karthik Singh,CIVIL,7.1,79,2,67,71,65,74,69
1066,Ananya Nair,CSE,9.0,96,0,92,90,94,91,93
1067,Vijay Menon,ECE,6.7,76,2,63,68,65,70,62
1068,Sneha Kumar,IT,8.5,92,0,86,89,83,91,87
1069,Sanjay Sharma,MECH,7.8,84,1,77,80,75,82,78
1070,Keerthi Raj,CIVIL,6.0,67,4,51,56,53,60,49
1071,Aditya Devi,CSE,8.6,94,0,88,91,86,89,92
1072,Harini Reddy,ECE,7.3,82,1,71,75,69,77,73
1073,Rohit Iyer,IT,5.8,65,4,48,52,55,50,57
1074,Meena Das,MECH,9.3,98,0,95,93,96,91,94
1075,Naveen Singh,CIVIL,7.7,86,1,76,81,74,79,77
1076,Pooja Nair,CSE,8.4,90,0,83,86,88,82,85
1077,Surya Menon,ECE,6.2,71,3,55,60,57,63,52
1078,Swetha Kumar,IT,8.1,88,0,80,84,78,82,85
1079,Ajay Sharma,MECH,7.0,77,2,64,69,66,72,61
1080,Nithya Raj,CIVIL,5.7,64,5,46,52,49,55,51
1081,Arun Reddy,CSE,9.2,97,0,94,92,95,93,91
1082,Priya Iyer,ECE,7.5,84,1,73,78,76,80,71
1083,Rahul Das,IT,6.5,73,3,59,64,61,67,55
1084,Divya Singh,MECH,8.8,93,0,90,88,92,86,91
1085,Karthik Nair,CIVIL,7.9,87,1,79,82,77,84,76
1086,Ananya Menon,CSE,8.7,95,0,89,91,87,93,90
1087,Vijay Kumar,ECE,6.4,70,3,57,62,59,65,54
1088,Sneha Sharma,IT,8.3,89,0,82,85,80,88,83
1089,Sanjay Raj,MECH,7.4,81,1,72,75,70,78,73
1090,Keerthi Devi,CIVIL,5.9,66,4,50,54,52,58,49
1091,Aditya Reddy,CSE,9.1,96,0,93,91,94,90,95
1092,Harini Iyer,ECE,7.2,80,2,67,72,69,75,65
1093,Rohit Das,IT,6.0,68,4,51,55,49,60,53
1094,Meena Singh,MECH,8.5,92,0,87,90,84,88,91
1095,Naveen Nair,CIVIL,7.6,85,1,75,79,72,81,77
1096,Pooja Menon,CSE,8.9,94,0,91,89,93,87,92
1097,Surya Kumar,ECE,6.6,74,2,61,66,63,70,58
1098,Swetha Sharma,IT,8.2,90,0,81,86,83,79,85
1099,Ajay Raj,MECH,7.8,83,1,76,80,74,82,77
1100,Nithya Devi,CIVIL,6.1,69,3,54,58,56,62,51